AssetID,County,Habitat_Type,Fossitt,Area_m2,Area_ha
BAWS504,Cork,Woodland and scrub,WS5,197822,20
BAWS502,Cork,Woodland and scrub,WS5,94268,10
BAWD401,Cork,Woodland and scrub,WD4,86065,9
BAWD402,Cork,Woodland and scrub,WD4,5849,1
BAWD403,Cork,Woodland and scrub,WD4,63910,6
BAWD404,Cork,Woodland and scrub,WD4,52533,5
BAWD405,Cork,Woodland and scrub,WD4,47913,5
BAWD406,Cork,Woodland and scrub,WD4,62600,6
BAWD407,Cork,Woodland and scrub,WD4,70643,7
BAWD408,Cork,Woodland and scrub,WD4,77331,8
BAWD409,Cork,Woodland and scrub,WD4,86748,9
BAWD410,Cork,Woodland and scrub,WD4,8881,1
BAWD411,Cork,Woodland and scrub,WD4,100645,10
BAWD412,Cork,Woodland and scrub,WD4,103839,10
BAWD413,Cork,Woodland and scrub,WD4,38550,4
BAWD415,Cork,Woodland and scrub,WD4,21202,2
BAWD416,Cork,Woodland and scrub,WD4,263047,26
BAWD418,Cork,Woodland and scrub,WD4,247851,25
BAWD419,Cork,Woodland and scrub,WD4,224153,22
BAWD421,Cork,Woodland and scrub,WD4,41690,4
BAWD423,Cork,Woodland and scrub,WD4,80294,8
BAWD424,Cork,Woodland and scrub,WD4,38301,4
BAWD425,Cork,Woodland and scrub,WD4,37553,4
BAWD427,Cork,Woodland and scrub,WD4,114594,11
BAWD428,Cork,Woodland and scrub,WD4,91938,9
BAWD429,Cork,Woodland and scrub,WD4,154481,16
BAWD430,Cork,Woodland and scrub,WD4,72623,7
BAWD433,Cork,Woodland and scrub,WD4,369474,37
BAWD434,Cork,Woodland and scrub,WD4,41855,4
BAWD435,Cork,Woodland and scrub,WD4,134711,14
BAWD436,Cork,Woodland and scrub,WD4,125177,13
BAWD437,Cork,Woodland and scrub,WD4,103040,10
BAWD438,Cork,Woodland and scrub,WD4,23025,2
BAWD440,Cork,Woodland and scrub,WD4,21669,2
BAWD441,Cork,Woodland and scrub,WD4,78788,8
BAWD443,Cork,Woodland and scrub,WD4,45183,5
BAWD444,Cork,Woodland and scrub,WD4,52735,5
BAWD445,Cork,Woodland and scrub,WD4,19863,2
BAWD447,Cork,Woodland and scrub,WD4,85412,9
BAWD448,Cork,Woodland and scrub,WD4,46947,5
BAWD450,Cork,Woodland and scrub,WD4,16078,2
BAWD451,Cork,Woodland and scrub,WD4,5392,1
BAWD453,Cork,Woodland and scrub,WD4,61091,6
BAWD454,Cork,Woodland and scrub,WD4,1585,0
BAHH105,Cork,Heath and dense bracken,HH1,348619,35
BAGS201,Cork,Grassland and marsh,GS2,653,0
BAGS203,Cork,Grassland and marsh,GS2,668,0
BAGS205,Cork,Grassland and marsh,GS2,2243,0
BAGS207,Cork,Grassland and marsh,GS2,4526,0
BAGS209,Cork,Grassland and marsh,GS2,4094,0
BAGS211,Cork,Grassland and marsh,GS2,4379,0
BAGS215,Cork,Grassland and marsh,GS2,2376,0
BAGS217,Cork,Grassland and marsh,GS2,2452,0
BAGS218,Cork,Grassland and marsh,GS2,2094,0
BAGS220,Cork,Grassland and marsh,GS2,8079,1
BAGS222,Cork,Grassland and marsh,GS2,2199,0
BAGS223,Cork,Grassland and marsh,GS2,16991,2
BAGS225,Cork,Grassland and marsh,GS2,1764,0
BAGS226,Cork,Grassland and marsh,GS2,2691,0
BAGS227,Cork,Grassland and marsh,GS2,484,0
BAGS228,Cork,Grassland and marsh,GS2,3850,0
BAGS229,Cork,Grassland and marsh,GS2,3334,0
BAGS230,Cork,Grassland and marsh,GS2,315,0
BAED3HH102,Cork,Exposed rock and disturbed ground,ED3/HH1,6514,1
BAED3HH103,Cork,Exposed rock and disturbed ground,ED3/HH1,9776,1
BAED3HH104,Cork,Exposed rock and disturbed ground,ED3/HH1,4767,0
BAED3HH108,Cork,Exposed rock and disturbed ground,ED3/HH1,6613,1
BAED3HH112,Cork,Exposed rock and disturbed ground,ED3/HH1,6980,1
BAED3HH114,Cork,Exposed rock and disturbed ground,ED3/HH1,7721,1
BAED3HH116,Cork,Exposed rock and disturbed ground,ED3/HH1,10552,1
BAED3HH118,Cork,Exposed rock and disturbed ground,ED3/HH1,31515,3
BAED3HH119,Cork,Exposed rock and disturbed ground,ED3/HH1,12527,1
BAED3HH122,Cork,Exposed rock and disturbed ground,ED3/HH1,18437,2
BAED3HH123,Cork,Exposed rock and disturbed ground,ED3/HH1,20528,2
BAED302,Cork,Exposed rock and disturbed ground,ED3,2377,0
BAED303,Cork,Exposed rock and disturbed ground,ED3,3526,0
BAED304,Cork,Exposed rock and disturbed ground,ED3,692,0
BAED306,Cork,Exposed rock and disturbed ground,ED3,1779,0
BAED307,Cork,Exposed rock and disturbed ground,ED3,1025,0
BAED201,Cork,Exposed rock and disturbed ground,ED2,443,0
BAED202,Cork,Exposed rock and disturbed ground,ED2,1236,0
BAED203,Cork,Exposed rock and disturbed ground,ED2,9146,1
BAED204,Cork,Exposed rock and disturbed ground,ED2,1528,0
BAED206,Cork,Exposed rock and disturbed ground,ED2,1447,0
BAED207,Cork,Exposed rock and disturbed ground,ED2,1088,0
BAED208,Cork,Exposed rock and disturbed ground,ED2,8016,1
BAED209,Cork,Exposed rock and disturbed ground,ED2,5585,1
BAED210,Cork,Exposed rock and disturbed ground,ED2,4417,0
BAED211,Cork,Exposed rock and disturbed ground,ED2,10401,1
BAED212,Cork,Exposed rock and disturbed ground,ED2,29629,3
BAED213,Cork,Exposed rock and disturbed ground,ED2,8063,1
BAED216,Cork,Exposed rock and disturbed ground,ED2,7490,1
BAED217,Cork,Exposed rock and disturbed ground,ED2,1648,0
BAED218,Cork,Exposed rock and disturbed ground,ED2,5292,1
BAED220,Cork,Exposed rock and disturbed ground,ED2,2377,0
BABL301,Cork,Cultivated and built land,BL3,3358,0
BABL302,Cork,Cultivated and built land,BL3,16191,2
CAWS125,Wexford,Woodland and scrub,WS1,268,0
CAWS101,Wexford,Woodland and scrub,WS1,3467,1
CAWS102,Wexford,Woodland and scrub,WS1,1072,0
CAWS103,Wexford,Woodland and scrub,WS1,13912,0
CAWS104,Wexford,Woodland and scrub,WS1,46447,1
CAWS106,Wexford,Woodland and scrub,WS1,1467,5
CAWS110,Wexford,Woodland and scrub,WS1,2547,0
CAWS111,Wexford,Woodland and scrub,WS1,884,0
CAWS113,Wexford,Woodland and scrub,WS1,1900,0
CAWS114,Wexford,Woodland and scrub,WS1,4441,0
CAWS115,Wexford,Woodland and scrub,WS1,263,0
CAWS118,Wexford,Woodland and scrub,WS1,11521,0
CAWS120,Wexford,Woodland and scrub,WS1,1868,0
CAWS121,Wexford,Woodland and scrub,WS1,1670,0
CAGS401,Wexford,Grassland and marsh,GS4,10892,1
CAGS403,Wexford,Grassland and marsh,GS4,12933,1
CAGS404,Wexford,Grassland and marsh,GS4,2881,0
CAGS405,Wexford,Grassland and marsh,GS4,416,0
CALR403,Wexford,Littoral,LR4,5965,1
CAGS101,Wexford,Grassland and marsh,GS1,10207,1
CAGS102,Wexford,Grassland and marsh,GS1,6890,1
CAFS101,Wexford,Freshwater,FS1,9547,1
CAGS204,Wexford,Grassland and marsh,GS2,1102,0
CAGS205,Wexford,Grassland and marsh,GS2,4700,0
CAGS209,Wexford,Grassland and marsh,GS2,1031,0
CAGS210,Wexford,Grassland and marsh,GS2,362,0
CAGS211,Wexford,Grassland and marsh,GS2,621,0
CAGS212,Wexford,Grassland and marsh,GS2,599,0
CAGS213,Wexford,Grassland and marsh,GS2,1132,0
CAGS216,Wexford,Grassland and marsh,GS2,1739,0
CAGS218,Wexford,Grassland and marsh,GS2,1192,0
CAGS219,Wexford,Grassland and marsh,GS2,1602,0
CAGS220,Wexford,Grassland and marsh,GS2,936,0
CAGS221,Wexford,Grassland and marsh,GS2,1267,0
CAGS222,Wexford,Grassland and marsh,GS2,616,0
CAGS224,Wexford,Grassland and marsh,GS2,1885,0
CAGS225,Wexford,Grassland and marsh,GS2,1466,0
CAGS226,Wexford,Grassland and marsh,GS2,2686,0
CABL301,Wexford,Cultivated and built land,BL3,377,0
CABL302,Wexford,Cultivated and built land,BL3,727,0
CABL303,Wexford,Cultivated and built land,BL3,221,0
CABC101,Wexford,Cultivated and built land,BC1,17174,2
CABC102,Wexford,Cultivated and built land,BC1,7808,1
CAHD101,Wexford,Heath and dense bracken,HD1,3683,0
CAHD103,Wexford,Heath and dense bracken,HD1,858,0
CAHD105,Wexford,Heath and dense bracken,HD1,509,0
CAED301,Wexford,Exposed rock and disturbed ground,ED3,9521,1
CAED303,Wexford,Exposed rock and disturbed ground,ED3,558,0
CAED305,Wexford,Exposed rock and disturbed ground,ED3,740,0
CAED308,Wexford,Exposed rock and disturbed ground,ED3,738,0
CAED309,Wexford,Exposed rock and disturbed ground,ED3,1221,0
CAED311,Wexford,Exposed rock and disturbed ground,ED3,722,0
CAGA103,Wexford,Grassland and marsh,GA1,6075,1
CAGA104,Wexford,Grassland and marsh,GA1,6916,1
CAGA105,Wexford,Grassland and marsh,GA1,7742,1
CAGA107,Wexford,Grassland and marsh,GA1,3638,0
CAGA108,Wexford,Grassland and marsh,GA1,7614,1
CAGA110,Wexford,Grassland and marsh,GA1,3370,0
CAGA111,Wexford,Grassland and marsh,GA1,5563,1
CAGA112,Wexford,Grassland and marsh,GA1,1234,0
CAGA113,Wexford,Grassland and marsh,GA1,11064,1
CAGA114,Wexford,Grassland and marsh,GA1,4281,0
CAGA115,Wexford,Grassland and marsh,GA1,6416,1
CAGA116,Wexford,Grassland and marsh,GA1,2926,0
CAGA117,Wexford,Grassland and marsh,GA1,3648,0
CAGA119,Wexford,Grassland and marsh,GA1,1025,0
CAGA121,Wexford,Grassland and marsh,GA1,2999,0
CAGA122,Wexford,Grassland and marsh,GA1,5102,0
CAGA123,Wexford,Grassland and marsh,GA1,4181,0
CAGA126,Wexford,Grassland and marsh,GA1,2811,0
CAGA127,Wexford,Grassland and marsh,GA1,4440,0
CAGA128,Wexford,Grassland and marsh,GA1,5500,1
CAGA129,Wexford,Grassland and marsh,GA1,16711,2
CAGA131,Wexford,Grassland and marsh,GA1,5187,1
CAGA132,Wexford,Grassland and marsh,GA1,20292,2
CAGA133,Wexford,Grassland and marsh,GA1,8917,1
CAGA134,Wexford,Grassland and marsh,GA1,8287,1
CAGA135,Wexford,Grassland and marsh,GA1,17898,2
CAGA136,Wexford,Grassland and marsh,GA1,1210,0
CAGA137,Wexford,Grassland and marsh,GA1,6041,1
CAGA138,Wexford,Grassland and marsh,GA1,10600,1
CAGA139,Wexford,Grassland and marsh,GA1,6910,1
CAGA140,Wexford,Grassland and marsh,GA1,5028,0
CAGA141,Wexford,Grassland and marsh,GA1,14486,1
CAGA143,Wexford,Grassland and marsh,GA1,4871,0
CAGA144,Wexford,Grassland and marsh,GA1,9516,1
CAGA147,Wexford,Grassland and marsh,GA1,6931,1
CAGA148,Wexford,Grassland and marsh,GA1,8513,1
CAGA149,Wexford,Grassland and marsh,GA1,6665,1
CAGA150,Wexford,Grassland and marsh,GA1,5057,1
CAGA152,Wexford,Grassland and marsh,GA1,1793,0
CAGA153,Wexford,Grassland and marsh,GA1,16618,2
CAGA154,Wexford,Grassland and marsh,GA1,10870,1
CAGA156,Wexford,Grassland and marsh,GA1,12028,1
CAGA157,Wexford,Grassland and marsh,GA1,14648,1
CAGA158,Wexford,Grassland and marsh,GA1,5843,1
CAGA161,Wexford,Grassland and marsh,GA1,5828,1
CAGA164,Wexford,Grassland and marsh,GA1,3300,0
CAGA166,Wexford,Grassland and marsh,GA1,2678,0
CAGA187,Wexford,Grassland and marsh,GA1,2408,0
CAGA168,Wexford,Grassland and marsh,GA1,5161,1
CAGA171,Wexford,Grassland and marsh,GA1,8016,1
CAGA172,Wexford,Grassland and marsh,GA1,12134,1
CAGA174,Wexford,Grassland and marsh,GA1,6659,1
CAGA175,Wexford,Grassland and marsh,GA1,6072,1
CAGA176,Wexford,Grassland and marsh,GA1,4553,0
CAGA177,Wexford,Grassland and marsh,GA1,6349,1
CAGA178,Wexford,Grassland and marsh,GA1,7957,1
CAGA179,Wexford,Grassland and marsh,GA1,3448,0
CAGA182,Wexford,Grassland and marsh,GA1,7688,1
CAGA183,Wexford,Grassland and marsh,GA1,2111,0
CAGA184,Wexford,Grassland and marsh,GA1,1715,0
CAGA185,Wexford,Grassland and marsh,GA1,474,0
CAGA186,Wexford,Grassland and marsh,GA1,1033,0
CAGA187,Wexford,Grassland and marsh,GA1,2355,0
CAGA188,Wexford,Grassland and marsh,GA1,8659,1
CAGA189,Wexford,Grassland and marsh,GA1,7574,1
CAGA190,Wexford,Grassland and marsh,GA1,5462,1
CAGA191,Wexford,Grassland and marsh,GA1,16478,2
CAGA192,Wexford,Grassland and marsh,GA1,3847,0
CAGA193,Wexford,Grassland and marsh,GA1,7434,1
CAGA194,Wexford,Grassland and marsh,GA1,4631,0
CAGA195,Wexford,Grassland and marsh,GA1,1662,0
CAGA196,Wexford,Grassland and marsh,GA1,9710,1
CAGA198,Wexford,Grassland and marsh,GA1,11982,1
CAGA199,Wexford,Grassland and marsh,GA1,4706,0
CAGA1100,Wexford,Grassland and marsh,GA1,6073,1
CAGA1101,Wexford,Grassland and marsh,GA1,16828,2
CAGA1104,Wexford,Grassland and marsh,GA1,7370,1
CAGA1105,Wexford,Grassland and marsh,GA1,10423,1
CAGA1106,Wexford,Grassland and marsh,GA1,11667,1
CAED201,Wexford,Exposed rock and disturbed ground,ED2,4280,0
CAED203,Wexford,Exposed rock and disturbed ground,ED2,5002,1
CAED204,Wexford,Exposed rock and disturbed ground,ED2,6978,1
CAED208,Wexford,Exposed rock and disturbed ground,ED2,3952,0
CAED212,Wexford,Exposed rock and disturbed ground,ED2,783,0
CAED215,Wexford,Exposed rock and disturbed ground,ED2,1424,0
COWS501,Galway,Woodland and scrub,WS5,352740,35
COWS502,Galway,Woodland and scrub,WS5,134720,13
COWS504,Galway,Woodland and scrub,WS5,19095,2
COWS505,Galway,Woodland and scrub,WS5,12972,1
COWS507,Galway,Woodland and scrub,WS5,58550,6
COWS508,Galway,Woodland and scrub,WS5,26140,3
COWS509,Galway,Woodland and scrub,WS5,102236,10
COWS510,Galway,Woodland and scrub,WS5,302763,30
COWS511,Galway,Woodland and scrub,WS5,21659,2
COWS512,Galway,Woodland and scrub,WS5,331661,33
COWD401,Galway,Woodland and scrub,WD4,96882,10
COWD402,Galway,Woodland and scrub,WD4,62705,6
COWD404,Galway,Woodland and scrub,WD4,170003,17
COWD405,Galway,Woodland and scrub,WD4,22410,2
COWD409,Galway,Woodland and scrub,WD4,54106,5
COWD410,Galway,Woodland and scrub,WD4,4071,0
COWD411,Galway,Woodland and scrub,WD4,33499,3
COWD413,Galway,Woodland and scrub,WD4,19620,2
COWD414,Galway,Woodland and scrub,WD4,98135,10
COWD416,Galway,Woodland and scrub,WD4,32780,3
COWD417,Galway,Woodland and scrub,WD4,71856,7
COWD419,Galway,Woodland and scrub,WD4,24042,2
COWD420,Galway,Woodland and scrub,WD4,25759,3
COWD421,Galway,Woodland and scrub,WD4,194906,20
COWD422,Galway,Woodland and scrub,WD4,588655,59
COWD424,Galway,Woodland and scrub,WD4,150093,15
COWD426,Galway,Woodland and scrub,WD4,166524,17
COWD427,Galway,Woodland and scrub,WD4,301502,30
COWD430,Galway,Woodland and scrub,WD4,225107,23
COWD431,Galway,Woodland and scrub,WD4,293798,29
COWD432,Galway,Woodland and scrub,WD4,111001,11
COWD433,Galway,Woodland and scrub,WD4,80594,8
COWD434,Galway,Woodland and scrub,WD4,138134,14
COWD435,Galway,Woodland and scrub,WD4,101492,10
COWD436,Galway,Woodland and scrub,WD4,214029,21
COWD440,Galway,Woodland and scrub,WD4,810447,81
COWD441,Galway,Woodland and scrub,WD4,780151,78
COWD442,Galway,Woodland and scrub,WD4,290933,29
COWD443,Galway,Woodland and scrub,WD4,3737,0
COWD444,Galway,Woodland and scrub,WD4,3503,0
COWD445,Galway,Woodland and scrub,WD4,373668,37
COWD448,Galway,Woodland and scrub,WD4,1475005,148
COWD449,Galway,Woodland and scrub,WD4,802190,80
COWD450,Galway,Woodland and scrub,WD4,16528,2
COWD451,Galway,Woodland and scrub,WD4,511110,51
COWD452,Galway,Woodland and scrub,WD4,145757,15
COWD454,Galway,Woodland and scrub,WD4,71424,7
COWD455,Galway,Woodland and scrub,WD4,309858,31
COWD456,Galway,Woodland and scrub,WD4,409340,41
COWD457,Galway,Woodland and scrub,WD4,85534,9
COWD458,Galway,Woodland and scrub,WD4,31509,3
COWD459,Galway,Woodland and scrub,WD4,64173,6
COWD460,Galway,Woodland and scrub,WD4,22651,2
COWD461,Galway,Woodland and scrub,WD4,260348,26
COWD462,Galway,Woodland and scrub,WD4,113145,11
COWD464,Galway,Woodland and scrub,WD4,101665,10
COWD465,Galway,Woodland and scrub,WD4,49673,5
COWD466,Galway,Woodland and scrub,WD4,140884,14
COWD469,Galway,Woodland and scrub,WD4,165891,17
COWD470,Galway,Woodland and scrub,WD4,17087,2
COWD471,Galway,Woodland and scrub,WD4,147156,15
COWD472,Galway,Woodland and scrub,WD4,1150379,115
COWD473,Galway,Woodland and scrub,WD4,2893,0
COWD474,Galway,Woodland and scrub,WD4,240904,24
COWD477,Galway,Woodland and scrub,WD4,448441,45
COWD478,Galway,Woodland and scrub,WD4,259626,26
COWD480,Galway,Woodland and scrub,WD4,664057,67
COWD482,Galway,Woodland and scrub,WD4,511748,51
COWD484,Galway,Woodland and scrub,WD4,197179,20
COWD486,Galway,Woodland and scrub,WD4,223569,22
COWD490,Galway,Woodland and scrub,WD4,325956,33
COWD491,Galway,Woodland and scrub,WD4,230165,23
COWD492,Galway,Woodland and scrub,WD4,858082,86
COWD493,Galway,Woodland and scrub,WD4,482958,48
COWD494,Galway,Woodland and scrub,WD4,270805,27
COWD496,Galway,Woodland and scrub,WD4,370825,37
COWD497,Galway,Woodland and scrub,WD4,156615,16
COWD498,Galway,Woodland and scrub,WD4,348457,35
COWD499,Galway,Woodland and scrub,WD4,553230,55
COWD4100,Galway,Woodland and scrub,WD4,65232,7
COWD4101,Galway,Woodland and scrub,WD4,3605,0
COPB4HH301,Galway,Peatlands,PB4HH3,355,0
COPB4HH302,Galway,Peatlands,PB4HH3,1074,0
COPB4HH304,Galway,Peatlands,PB4HH3,2057,0
COPB4HH306,Galway,Peatlands,PB4HH3,4256,0
COPB4HH308,Galway,Peatlands,PB4HH3,1772,0
COPB4HH309,Galway,Peatlands,PB4HH3,2219,0
COPB4HH310,Galway,Peatlands,PB4HH3,2621,0
COPB4HH313,Galway,Peatlands,PB4HH3,8612,1
COPB4HH314,Galway,Peatlands,PB4HH3,6798,1
COPB4HH315,Galway,Peatlands,PB4HH3,6553,1
COPB4HH316,Galway,Peatlands,PB4HH3,21178,2
COPB4HH317,Galway,Peatlands,PB4HH3,9682,1
COPB4HH318,Galway,Peatlands,PB4HH3,3065,0
COPB4HH319,Galway,Peatlands,PB4HH3,1610,0
COPB4HH320,Galway,Peatlands,PB4HH3,14517,1
COPB4HH321,Galway,Peatlands,PB4HH3,25089,3
COPB4HH324,Galway,Peatlands,PB4HH3,6148,1
COPB4HH325,Galway,Peatlands,PB4HH3,21273,2
COPB4HH326,Galway,Peatlands,PB4HH3,4134,1
COPB4HH327,Galway,Peatlands,PB4HH3,128,0
COPB4HH329,Galway,Peatlands,PB4HH3,3940,0
COPB4HH330,Galway,Peatlands,PB4HH3,3588,0
COPB4HH331,Galway,Peatlands,PB4HH3,8490,1
COPB4HH332,Galway,Peatlands,PB4HH3,237,0
COPB4HH333,Galway,Peatlands,PB4HH3,3797,0
COPB4HH334,Galway,Peatlands,PB4HH3,7577,1
COPB4HH335,Galway,Peatlands,PB4HH3,1303,0
COPB4HH337,Galway,Peatlands,PB4HH3,11067,1
COPB4HH338,Galway,Peatlands,PB4HH3,3149,0
COPB4HH339,Galway,Peatlands,PB4HH3,13810,1
COPB4HH341,Galway,Peatlands,PB4HH3,4701,0
COPB4HH343,Galway,Peatlands,PB4HH3,15657,2
COPB4HH344,Galway,Peatlands,PB4HH3,422,0
COPB4HH346,Galway,Peatlands,PB4HH3,9287,1
COPB4HH347,Galway,Peatlands,PB4HH3,6285,1
COPB4HH349,Galway,Peatlands,PB4HH3,3748,0
COPB4HH350,Galway,Peatlands,PB4HH3,12412,1
COPB4HH352,Galway,Peatlands,PB4HH3,5390,1
COPB4HH354,Galway,Peatlands,PB4HH3,8770,1
COPB4HH355,Galway,Peatlands,PB4HH3,39489,4
COPB4HH356,Galway,Peatlands,PB4HH3,4899,0
COPB4HH357,Galway,Peatlands,PB4HH3,18225,2
COPB4HH358,Galway,Peatlands,PB4HH3,18776,2
COPB4HH359,Galway,Peatlands,PB4HH3,16073,2
COPB4HH360,Galway,Peatlands,PB4HH3,9899,1
COPB4HH361,Galway,Peatlands,PB4HH3,3173,0
COPB4HH362,Galway,Peatlands,PB4HH3,5705,1
COPB4HH363,Galway,Peatlands,PB4HH3,18547,2
COPB4HH364,Galway,Peatlands,PB4HH3,8726,1
COPB4HH366,Galway,Peatlands,PB4HH3,15009,2
COPB4HH367,Galway,Peatlands,PB4HH3,1561,0
COPB4HH368,Galway,Peatlands,PB4HH3,8374,1
COPB4HH369,Galway,Peatlands,PB4HH3,24249,2
COPB4HH371,Galway,Peatlands,PB4HH3,7757,1
COPB4HH372,Galway,Peatlands,PB4HH3,15606,2
COPB4HH373,Galway,Peatlands,PB4HH3,10638,1
COPB4HH374,Galway,Peatlands,PB4HH3,1765,0
COPB4HH375,Galway,Peatlands,PB4HH3,2573,0
COPB4HH376,Galway,Peatlands,PB4HH3,3127,0
COPB4HH377,Galway,Peatlands,PB4HH3,24954,3
COPB4HH380,Galway,Peatlands,PB4HH3,4038,0
COPB4HH381,Galway,Peatlands,PB4HH3,1397,0
COPB4HH382,Galway,Peatlands,PB4HH3,18301,2
COPB4HH383,Galway,Peatlands,PB4HH3,3908,0
COPB4HH384,Galway,Peatlands,PB4HH3,15873,2
COPB4HH385,Galway,Peatlands,PB4HH3,23377,2
COPB4HH386,Galway,Peatlands,PB4HH3,539,0
COPB4HH387,Galway,Peatlands,PB4HH3,1401,0
COPB4HH388,Galway,Peatlands,PB4HH3,1975,0
COPB4HH389,Galway,Peatlands,PB4HH3,4142,0
COPB4HH390,Galway,Peatlands,PB4HH3,5462,1
COPB4HH391,Galway,Peatlands,PB4HH3,3459,0
COPB4HH392,Galway,Peatlands,PB4HH3,6015,1
COPB4HH393,Galway,Peatlands,PB4HH3,21960,2
COPB4HH394,Galway,Peatlands,PB4HH3,4148,0
COPB4HH395,Galway,Peatlands,PB4HH3,10927,1
COPB4HH396,Galway,Peatlands,PB4HH3,1597,0
COPB4HH397,Galway,Peatlands,PB4HH3,26843,3
COPB4HH398,Galway,Peatlands,PB4HH3,12125,1
COPB4HH399,Galway,Peatlands,PB4HH3,11346,1
COPB4HH3100,Galway,Peatlands,PB4HH3,6796,1
COPB4HH3102,Galway,Peatlands,PB4HH3,11579,1
COPB4HH3103,Galway,Peatlands,PB4HH3,5059,1
COPB4HH3104,Galway,Peatlands,PB4HH3,41337,4
COPB4HH3105,Galway,Peatlands,PB4HH3,27643,3
COPB4HH3106,Galway,Peatlands,PB4HH3,854,0
COPB4HH3107,Galway,Peatlands,PB4HH3,3633,0
COPB4HH3108,Galway,Peatlands,PB4HH3,5599,1
COPB4HH3109,Galway,Peatlands,PB4HH3,10267,1
COPB4HH3111,Galway,Peatlands,PB4HH3,7796,1
COPB402,Galway,Peatlands,PB4,22044,2
COPB406,Galway,Peatlands,PB4,13028,1
COPB407,Galway,Peatlands,PB4,8719,1
COPB408,Galway,Peatlands,PB4,22909,2
COPB409,Galway,Peatlands,PB4,5280,1
COPB410,Galway,Peatlands,PB4,19633,2
COPB411,Galway,Peatlands,PB4,4949,0
COPB412,Galway,Peatlands,PB4,51185,5
COPB413,Galway,Peatlands,PB4,15500,2
COPB414,Galway,Peatlands,PB4,22469,2
COPB415,Galway,Peatlands,PB4,19024,2
COPB417,Galway,Peatlands,PB4,15975,2
COPB420,Galway,Peatlands,PB4,16326,2
COPB201,Galway,Peatlands,PB2,406411,41
COPB202,Galway,Peatlands,PB2,75931,8
COPB203,Galway,Peatlands,PB2,38304,4
COPB204,Galway,Peatlands,PB2,3285,0
COPB205,Galway,Peatlands,PB2,3657,0
COPB206,Galway,Peatlands,PB2,5794,1
COPB208,Galway,Peatlands,PB2,14649,1
COPB210,Galway,Peatlands,PB2,4764,0
COHD102,Galway,Heath and dense bracken,HD1,5285,1
COFL201,Galway,Freshwater,FL2,237690,24
COFL101,Galway,Freshwater,FL1,5842,1
COFL104,Galway,Freshwater,FL1,8856,1
COFL105,Galway,Freshwater,FL1,39558,4
COFL108,Galway,Freshwater,FL1,57347,6
COFL113,Galway,Freshwater,FL1,17355,2
COFL115,Galway,Freshwater,FL1,3254,0
COFL116,Galway,Freshwater,FL1,3955,0
COFL118,Galway,Freshwater,FL1,16141,2
COFL119,Galway,Freshwater,FL1,9842,1
COFL120,Galway,Freshwater,FL1,12145,1
COFL124,Galway,Freshwater,FL1,1254,0
COFL126,Galway,Freshwater,FL1,1598,0
COED201,Galway,Exposed rock and disturbed ground,ED2,7646,1
COED202,Galway,Exposed rock and disturbed ground,ED2,9216,1
COED204,Galway,Exposed rock and disturbed ground,ED2,6306,1
COED205,Galway,Exposed rock and disturbed ground,ED2,11404,1
COED207,Galway,Exposed rock and disturbed ground,ED2,21332,2
COED208,Galway,Exposed rock and disturbed ground,ED2,21933,2
COED209,Galway,Exposed rock and disturbed ground,ED2,32079,3
COED210,Galway,Exposed rock and disturbed ground,ED2,29072,3
COED211,Galway,Exposed rock and disturbed ground,ED2,36862,4
COED212,Galway,Exposed rock and disturbed ground,ED2,12972,1
COED213,Galway,Exposed rock and disturbed ground,ED2,17946,2
COED215,Galway,Exposed rock and disturbed ground,ED2,15558,2
COED216,Galway,Exposed rock and disturbed ground,ED2,52600,5
COED217,Galway,Exposed rock and disturbed ground,ED2,91716,9
COED219,Galway,Exposed rock and disturbed ground,ED2,24553,2
COED220,Galway,Exposed rock and disturbed ground,ED2,29130,3
COED221,Galway,Exposed rock and disturbed ground,ED2,32298,3
COED222,Galway,Exposed rock and disturbed ground,ED2,44296,4
COED223,Galway,Exposed rock and disturbed ground,ED2,29002,3
COED224,Galway,Exposed rock and disturbed ground,ED2,79995,8
COED226,Galway,Exposed rock and disturbed ground,ED2,7783,1
COED227,Galway,Exposed rock and disturbed ground,ED2,3530,0
MOER101,Leitrim,Exposed rock and disturbed ground,ER1,473,0
MOBL301,Leitrim,Cultivated and built land,BL3,203,0
MOPB502,Leitrim,Peatlands,PB5,5806,1
MOPB503,Leitrim,Peatlands,PB5,5231,1
MOPB504,Leitrim,Peatlands,PB5,9379,1
MOPB505,Leitrim,Peatlands,PB5,3771,0
MOPB506,Leitrim,Peatlands,PB5,1193,0
MOPB507,Leitrim,Peatlands,PB5,7450,1
MOPB201,Leitrim,Peatlands,PB2,217962,22
MOPB204,Leitrim,Peatlands,PB2,96223,10
MOPB205,Leitrim,Peatlands,PB2,66884,7
MOPB212,Leitrim,Peatlands,PB2,148363,15
MOPB213,Leitrim,Peatlands,PB2,18394,2
MOPB214,Leitrim,Peatlands,PB2,145606,15
MOPB216,Leitrim,Peatlands,PB2,57387,6
MOPB217,Leitrim,Peatlands,PB2,201877,20
MOPB219,Leitrim,Peatlands,PB2,51605,5
MOPB220,Leitrim,Peatlands,PB2,44747,4
MOPB222,Leitrim,Peatlands,PB2,360051,36
MOPB225,Leitrim,Peatlands,PB2,28393,3
MOPB226,Leitrim,Peatlands,PB2,100754,10
MOPB227,Leitrim,Peatlands,PB2,49858,5
MOPB229,Leitrim,Peatlands,PB2,175728,18
MOPB231,Leitrim,Peatlands,PB2,101687,10
MOED301,Leitrim,Exposed rock and disturbed ground,ED3,6444,1
MOED303,Leitrim,Exposed rock and disturbed ground,ED3,16897,2
MOED305,Leitrim,Exposed rock and disturbed ground,ED3,4534,0
MOED308,Leitrim,Exposed rock and disturbed ground,ED3,1686,0
MOED309,Leitrim,Exposed rock and disturbed ground,ED3,1580,0
MOED310,Leitrim,Exposed rock and disturbed ground,ED3,1029,0
MOED201,Leitrim,Exposed rock and disturbed ground,ED2,10544,1
MOED202,Leitrim,Exposed rock and disturbed ground,ED2,17110,2
MOED203,Leitrim,Exposed rock and disturbed ground,ED2,13630,1
MOED204,Leitrim,Exposed rock and disturbed ground,ED2,11920,1
RAGA102,Kilkenny,Grassland and marsh,GA1,3518,0
RAGA103,Kilkenny,Grassland and marsh,GA1,36053,4
RAGA104,Kilkenny,Grassland and marsh,GA1,10734,1
RAGA112,Kilkenny,Grassland and marsh,GA1,36658,4
RAGA113,Kilkenny,Grassland and marsh,GA1,21213,2
RAGA114,Kilkenny,Grassland and marsh,GA1,13566,1
RAGA115,Kilkenny,Grassland and marsh,GA1,13274,1
RAGA117,Kilkenny,Grassland and marsh,GA1,17201,2
RAGA118,Kilkenny,Grassland and marsh,GA1,11368,1
RAGA119,Kilkenny,Grassland and marsh,GA1,9923,1
RAGA120,Kilkenny,Grassland and marsh,GA1,13493,1
RAGA121,Kilkenny,Grassland and marsh,GA1,6970,1
RAGA122,Kilkenny,Grassland and marsh,GA1,29665,3
RAGA124,Kilkenny,Grassland and marsh,GA1,31496,3
RAGA125,Kilkenny,Grassland and marsh,GA1,34529,3
RAGA126,Kilkenny,Grassland and marsh,GA1,48255,5
RAGA129,Kilkenny,Grassland and marsh,GA1,29329,3
RAGA130,Kilkenny,Grassland and marsh,GA1,17410,2
RAGA131,Kilkenny,Grassland and marsh,GA1,23167,2
RAGA134,Kilkenny,Grassland and marsh,GA1,29782,3
RAGA135,Kilkenny,Grassland and marsh,GA1,31523,3
RAGA136,Kilkenny,Grassland and marsh,GA1,29154,3
RAGA137,Kilkenny,Grassland and marsh,GA1,24335,2
RAGA138,Kilkenny,Grassland and marsh,GA1,34966,3
RAGA189,Kilkenny,Grassland and marsh,GA1,23256,2
RAGA140,Kilkenny,Grassland and marsh,GA1,32208,3
RAGA141,Kilkenny,Grassland and marsh,GA1,17242,2
RAGA143,Kilkenny,Grassland and marsh,GA1,10873,1
RAGA145,Kilkenny,Grassland and marsh,GA1,19779,2
RAGA146,Kilkenny,Grassland and marsh,GA1,19786,2
RAGA147,Kilkenny,Grassland and marsh,GA1,23070,2
RAGA148,Kilkenny,Grassland and marsh,GA1,11972,1
RAED304,Kilkenny,Exposed rock and disturbed ground,ED3,1606,0
RAED306,Kilkenny,Exposed rock and disturbed ground,ED3,1529,0
RAED307,Kilkenny,Exposed rock and disturbed ground,ED3,1317,0
RAED309,Kilkenny,Exposed rock and disturbed ground,ED3,1510,0
RAED310,Kilkenny,Exposed rock and disturbed ground,ED3,1262,0
RAED203,Kilkenny,Exposed rock and disturbed ground,ED2,6802,1
RAED204,Kilkenny,Exposed rock and disturbed ground,ED2,4682,0
RAED205,Kilkenny,Exposed rock and disturbed ground,ED2,12715,1
RABL302,Kilkenny,Cultivated and built land,BL3,252,0
RIWD401,Wexford,Woodland and scrub,WD4,39068,4
RIWD404,Wexford,Woodland and scrub,WD4,20462,2
RIWD406,Wexford,Woodland and scrub,WD4,77144,8
RIWD407,Wexford,Woodland and scrub,WD4,66057,7
RIWD414,Wexford,Woodland and scrub,WD4,78972,8
RIGS403,Wexford,Grassland and marsh,GS4,2868,0
RIGS205,Wexford,Grassland and marsh,GS2,19071,2
RIGS206,Wexford,Grassland and marsh,GS2,2694,0
RIGS207,Wexford,Grassland and marsh,GS2,2306,0
RIGS208,Wexford,Grassland and marsh,GS2,1238,0
RIGS209,Wexford,Grassland and marsh,GS2,541,0
RIGS210,Wexford,Grassland and marsh,GS2,374,0
RIGS211,Wexford,Grassland and marsh,GS2,457,0
RIGS212,Wexford,Grassland and marsh,GS2,1885,0
RIGS215,Wexford,Grassland and marsh,GS2,4786,0
RIGS216,Wexford,Grassland and marsh,GS2,3200,0
RIGS219,Wexford,Grassland and marsh,GS2,658,0
RIGS220,Wexford,Grassland and marsh,GS2,3439,0
RIGS102,Wexford,Grassland and marsh,GS1,15288,2
RIGS103,Wexford,Grassland and marsh,GS1,1257,0
RIGA102,Wexford,Grassland and marsh,GA1,41131,4
RIGA103,Wexford,Grassland and marsh,GA1,99561,10
RIGA106,Wexford,Grassland and marsh,GA1,60284,6
RIGA107,Wexford,Grassland and marsh,GA1,94076,9
RIGA108,Wexford,Grassland and marsh,GA1,38236,4
RIGA109,Wexford,Grassland and marsh,GA1,62010,6
RIGA110,Wexford,Grassland and marsh,GA1,59639,6
RIGA111,Wexford,Grassland and marsh,GA1,133901,13
RIGA114,Wexford,Grassland and marsh,GA1,34588,3
RIGA115,Wexford,Grassland and marsh,GA1,13442,1
RIGA116,Wexford,Grassland and marsh,GA1,71030,7
RIGA117,Wexford,Grassland and marsh,GA1,35163,4
RIGA121,Wexford,Grassland and marsh,GA1,8613,1
RIGA123,Wexford,Grassland and marsh,GA1,30437,3
RIFW401,Wexford,Freshwater,FW4,3333,0
RIFW202,Wexford,Freshwater,FW2,3263,0
RIFW205,Wexford,Freshwater,FW2,11816,1
RIED301,Wexford,Exposed rock and disturbed ground,ED3,3029,0
RIED302,Wexford,Exposed rock and disturbed ground,ED3,1313,0
RIED303,Wexford,Exposed rock and disturbed ground,ED3,1536,0
RIED305,Wexford,Exposed rock and disturbed ground,ED3,1494,0
RIED306,Wexford,Exposed rock and disturbed ground,ED3,1648,0
RIED307,Wexford,Exposed rock and disturbed ground,ED3,1303,0
RIED308,Wexford,Exposed rock and disturbed ground,ED3,1443,0
RIED309,Wexford,Exposed rock and disturbed ground,ED3,1360,0
RIED311,Wexford,Exposed rock and disturbed ground,ED3,1237,0
RIED312,Wexford,Exposed rock and disturbed ground,ED3,1222,0
RIED315,Wexford,Exposed rock and disturbed ground,ED3,1276,0
RIED316,Wexford,Exposed rock and disturbed ground,ED3,938,0
RIED317,Wexford,Exposed rock and disturbed ground,ED3,1215,0
RIED320,Wexford,Exposed rock and disturbed ground,ED3,1358,0
RIED324,Wexford,Exposed rock and disturbed ground,ED3,1208,0
RIED325,Wexford,Exposed rock and disturbed ground,ED3,375,0
RIED326,Wexford,Exposed rock and disturbed ground,ED3,973,0
RIED327,Wexford,Exposed rock and disturbed ground,ED3,1133,0
RIED328,Wexford,Exposed rock and disturbed ground,ED3,1609,0
RIED330,Wexford,Exposed rock and disturbed ground,ED3,1861,0
RIED202,Wexford,Exposed rock and disturbed ground,ED2,10271,1
RIED203,Wexford,Exposed rock and disturbed ground,ED2,3715,0
RIED205,Wexford,Exposed rock and disturbed ground,ED2,7148,1
RIED207,Wexford,Exposed rock and disturbed ground,ED2,4512,0
RIED210,Wexford,Exposed rock and disturbed ground,ED2,12419,1
RIED216,Wexford,Exposed rock and disturbed ground,ED2,20973,2
RIBL301,Wexford,Cultivated and built land,BL3,1184,0
RIBL303,Wexford,Cultivated and built land,BL3,1775,0
RIBC101,Wexford,Cultivated and built land,BC1,30731,3
TEBL301,Cavan,Cultivated and built land,BL3,1149,0
TEGA101,Cavan,Grassland and marsh,GA1,15928,2
TEGA102,Cavan,Grassland and marsh,GA1,7342,1
TEGA103,Cavan,Grassland and marsh,GA1,19798,2
TEGA107,Cavan,Grassland and marsh,GA1,21899,2
TEGA109,Cavan,Grassland and marsh,GA1,16475,2
TEGA110,Cavan,Grassland and marsh,GA1,6339,1
TEGA112,Cavan,Grassland and marsh,GA1,26181,3
TEGA113,Cavan,Grassland and marsh,GA1,26444,3
TEGA114,Cavan,Grassland and marsh,GA1,8038,1
TEGA116,Cavan,Grassland and marsh,GA1,9111,1
TEGA117,Cavan,Grassland and marsh,GA1,23600,2
TEGA118,Cavan,Grassland and marsh,GA1,13215,1
TEGA119,Cavan,Grassland and marsh,GA1,7373,1
TEGA120,Cavan,Grassland and marsh,GA1,10131,1
TEGA121,Cavan,Grassland and marsh,GA1,8347,1
TEGA123,Cavan,Grassland and marsh,GA1,7692,1
TEGA125,Cavan,Grassland and marsh,GA1,21175,2
TEGA126,Cavan,Grassland and marsh,GA1,21242,2
TEGA127,Cavan,Grassland and marsh,GA1,15136,2
TEGA128,Cavan,Grassland and marsh,GA1,14645,1
TEGA129,Cavan,Grassland and marsh,GA1,14296,1
TEGA130,Cavan,Grassland and marsh,GA1,8036,1
TEGA131,Cavan,Grassland and marsh,GA1,10933,1
TEGA132,Cavan,Grassland and marsh,GA1,10602,1
TEGA133,Cavan,Grassland and marsh,GA1,7009,1
TEGA134,Cavan,Grassland and marsh,GA1,18690,2
TEGA135,Cavan,Grassland and marsh,GA1,22478,2
TEGA138,Cavan,Grassland and marsh,GA1,10237,1
TEGA140,Cavan,Grassland and marsh,GA1,17661,2
TEGA141,Cavan,Grassland and marsh,GA1,13981,1
TEGA142,Cavan,Grassland and marsh,GA1,17344,2
TEGA143,Cavan,Grassland and marsh,GA1,9214,1
TEGA144,Cavan,Grassland and marsh,GA1,6524,1
TEGA147,Cavan,Grassland and marsh,GA1,9868,1
TEGA149,Cavan,Grassland and marsh,GA1,6070,1
TEGA150,Cavan,Grassland and marsh,GA1,3113,0
TEGA151,Cavan,Grassland and marsh,GA1,810,0
TEGA152,Cavan,Grassland and marsh,GA1,327,0
TEWS101,Cavan,Woodland and scrub,WS1,2722,0
TEWS102,Cavan,Woodland and scrub,WS1,5281,1
TEWS103,Cavan,Woodland and scrub,WS1,648,0
TEWS104,Cavan,Woodland and scrub,WS1,1698,0
TEHH301,Cavan,Heath and dense bracken,HH3,14654,1
TEHH302,Cavan,Heath and dense bracken,HH3,2176,0
TEGS401,Cavan,Grassland and marsh,GS4,2412,0
TEGS402,Cavan,Grassland and marsh,GS4,2255,0
TEGS403,Cavan,Grassland and marsh,GS4,17028,2
TEGS405,Cavan,Grassland and marsh,GS4,4266,0
TEGS301,Cavan,Grassland and marsh,GS3,4679,0
TEGS101,Cavan,Grassland and marsh,GS1,8634,1
TEGS103,Cavan,Grassland and marsh,GS1,15239,2
TEGS105,Cavan,Grassland and marsh,GS1,9413,1
TEGS109,Cavan,Grassland and marsh,GS1,25504,3
TEED301,Cavan,Exposed rock and disturbed ground,ED3,1346,0
TEED303,Cavan,Exposed rock and disturbed ground,ED3,2152,0
TEED304,Cavan,Exposed rock and disturbed ground,ED3,2477,0
TEED306,Cavan,Exposed rock and disturbed ground,ED3,1547,0
TEED307,Cavan,Exposed rock and disturbed ground,ED3,2198,0
TEED201,Cavan,Exposed rock and disturbed ground,ED2,3836,0
TEED202,Cavan,Exposed rock and disturbed ground,ED2,5451,1
TEED203,Cavan,Exposed rock and disturbed ground,ED2,12256,1
TEED205,Cavan,Exposed rock and disturbed ground,ED2,2911,0
MEED21,Donegal,Exposed rock and disturbed ground,ED2,7920.83,1
MEED23,Donegal,Exposed rock and disturbed ground,ED2,148742.15,15
MEED25,Donegal,Exposed rock and disturbed ground,ED2,96412.88,10
MEED26,Donegal,Exposed rock and disturbed ground,ED2,8850.94,1
MEED210,Donegal,Exposed rock and disturbed ground,ED2,44104.41,4
MEED211,Donegal,Exposed rock and disturbed ground,ED2,450.29,0
MEED212,Donegal,Exposed rock and disturbed ground,ED2,9414.37,1
MEED213,Donegal,Exposed rock and disturbed ground,ED2,3674.65,0
MEED214,Donegal,Exposed rock and disturbed ground,ED2,35196.03,4
MEED215,Donegal,Exposed rock and disturbed ground,ED2,32107.58,3
MEED217,Donegal,Exposed rock and disturbed ground,ED2,78936.6,8
MEED218,Donegal,Exposed rock and disturbed ground,ED2,11415.57,1
MEED219,Donegal,Exposed rock and disturbed ground,ED2,60408.17,6
MEED220,Donegal,Exposed rock and disturbed ground,ED2,28183.07,3
MEED221,Donegal,Exposed rock and disturbed ground,ED2,23286.39,2
MEGS23,Donegal,Grassland and marsh,GS2,10670.15,1
MEGS24,Donegal,Grassland and marsh,GS2,41524.25,4
MEGS25,Donegal,Grassland and marsh,GS2,23549.58,2
MEGS28,Donegal,Grassland and marsh,GS2,1673.68,0
MEGS29,Donegal,Grassland and marsh,GS2,5979.07,1
MEGS210,Donegal,Grassland and marsh,GS2,14929.67,1
MEGS211,Donegal,Grassland and marsh,GS2,20869.58,2
MEGS213,Donegal,Grassland and marsh,GS2,19278.21,2
MEGS214,Donegal,Grassland and marsh,GS2,4255.97,0
MEGS216,Donegal,Grassland and marsh,GS2,10054.53,1
MEGS217,Donegal,Grassland and marsh,GS2,11976.97,1
MEGS218,Donegal,Grassland and marsh,GS2,16216.59,2
MEGS219,Donegal,Grassland and marsh,GS2,6176.67,1
MEGS220,Donegal,Grassland and marsh,GS2,1091.74,0
MEGS221,Donegal,Grassland and marsh,GS2,7396.85,1
MEFL11,Donegal,Freshwater,FL1,18114.2,2
MEFL12,Donegal,Freshwater,FL1,2265.03,0
MEBL36,Donegal,Cultivated and built land,BL3,2186.67,0
MEBL37,Donegal,Cultivated and built land,BL3,3448.93,0
MEBL38,Donegal,Cultivated and built land,BL3,185.1,0
MEED31,Donegal,Exposed rock and disturbed ground,ED3,2930.24,0
MEED33,Donegal,Exposed rock and disturbed ground,ED3,2943.44,0
MEED34,Donegal,Exposed rock and disturbed ground,ED3,22326.6,2
MEED35,Donegal,Exposed rock and disturbed ground,ED3,2234.95,0
MEPB41,Donegal,Peatlands,PB4,89102.8,9
MEPB42,Donegal,Peatlands,PB4,31613.04,3
MEPB43,Donegal,Peatlands,PB4,9850.24,1
MEPB44,Donegal,Peatlands,PB4,19213.32,2
MEPB45,Donegal,Peatlands,PB4,7927.04,1
MEPB47,Donegal,Peatlands,PB4,10242.97,1
MEPB48,Donegal,Peatlands,PB4,3966.53,0
MEPB410,Donegal,Peatlands,PB4,431.69,0
MEPB411,Donegal,Peatlands,PB4,24625.2,2
MEPB412,Donegal,Peatlands,PB4,3522.01,0
MEPB413,Donegal,Peatlands,PB4,17562.7,2
MEPB414,Donegal,Peatlands,PB4,33500.34,3
MEPB415,Donegal,Peatlands,PB4,9138.89,1
MEPB417,Donegal,Peatlands,PB4,15576.83,2
MEPB418,Donegal,Peatlands,PB4,19896.81,2
MEPB419,Donegal,Peatlands,PB4,7253.37,1
MEPB420,Donegal,Peatlands,PB4,15330.36,2
MEPB421,Donegal,Peatlands,PB4,9180.38,1
MEPB424,Donegal,Peatlands,PB4,7562.48,1
MEPB425,Donegal,Peatlands,PB4,6129.01,1
MEPB426,Donegal,Peatlands,PB4,5857.42,1
MEPB427,Donegal,Peatlands,PB4,8660,1
MEPB428,Donegal,Peatlands,PB4,84999.79,9
MEPB429,Donegal,Peatlands,PB4,5653.25,1
MEPB430,Donegal,Peatlands,PB4,3123.64,0
MEPB431,Donegal,Peatlands,PB4,10082.13,1
MEPB432,Donegal,Peatlands,PB4,1328.93,0
MEPB433,Donegal,Peatlands,PB4,8446.88,1
MEPB434,Donegal,Peatlands,PB4,1521.28,0
MEPB435,Donegal,Peatlands,PB4,4295.46,0
MEPB436,Donegal,Peatlands,PB4,4105.7,0
MEPB437,Donegal,Peatlands,PB4,1511.89,0
MEPB438,Donegal,Peatlands,PB4,2432.66,0
MEPB439,Donegal,Peatlands,PB4,468.29,0
MEPB440,Donegal,Peatlands,PB4,9292.78,1
MEPB442,Donegal,Peatlands,PB4,6527.4,1
MEPB443,Donegal,Peatlands,PB4,2854.24,0
MEPB444,Donegal,Peatlands,PB4,1173.06,0
MEPB445,Donegal,Peatlands,PB4,5238.89,1
MEPB446,Donegal,Peatlands,PB4,12778.85,1
MEPB447,Donegal,Peatlands,PB4,3588.93,0
MEPB448,Donegal,Peatlands,PB4,11343.59,1
MEPB449,Donegal,Peatlands,PB4,26471.13,3
MEPB450,Donegal,Peatlands,PB4,15013.03,2
MEPB451,Donegal,Peatlands,PB4,926.52,0
MEPB452,Donegal,Peatlands,PB4,6736.24,1
MEPB453,Donegal,Peatlands,PB4,5527.88,1
MEPB454,Donegal,Peatlands,PB4,63864.34,6
MEPB455,Donegal,Peatlands,PB4,3310.84,0
MEPB456,Donegal,Peatlands,PB4,3167.98,0
MEPB457,Donegal,Peatlands,PB4,2531.22,0
MEPB458,Donegal,Peatlands,PB4,4616.46,0
MEPB459,Donegal,Peatlands,PB4,5329.35,1
MEPB460,Donegal,Peatlands,PB4,7552.02,1
MEPB461,Donegal,Peatlands,PB4,2561.19,0
MEPB462,Donegal,Peatlands,PB4,3035.47,0
MEPB463,Donegal,Peatlands,PB4,1434.56,0
MEPB465,Donegal,Peatlands,PB4,10148.11,1
MEGS41,Donegal,Grassland and marsh,GS4,2064.46,0
MEGS42,Donegal,Grassland and marsh,GS4,980.55,0
MEGS43,Donegal,Grassland and marsh,GS4,1724.06,0
MEGS32,Donegal,Grassland and marsh,GS3,125756.99,13
MEGS34,Donegal,Grassland and marsh,GS3,91646.95,9
MEGS36,Donegal,Grassland and marsh,GS3,69943.11,7
MEGS37,Donegal,Grassland and marsh,GS3,134531.97,13
MEGS310,Donegal,Grassland and marsh,GS3,10693.83,1
MEGS312,Donegal,Grassland and marsh,GS3,36544.86,4
MEGS313,Donegal,Grassland and marsh,GS3,302776.57,30
MEPB21,Donegal,Peatlands,PB2,342860.64,34
MEPB23,Donegal,Peatlands,PB2,374974.03,38
MEHH12,Donegal,Heath and dense bracken,HH1,62648.2,6
MEHH13,Donegal,Heath and dense bracken,HH1,97779.44,10
MEHH14,Donegal,Heath and dense bracken,HH1,182913.14,18
MEHH15,Donegal,Heath and dense bracken,HH1,2924.28,0
MEHH18,Donegal,Heath and dense bracken,HH1,39316.75,4
MEHH19,Donegal,Heath and dense bracken,HH1,127484.34,13
MEHH110,Donegal,Heath and dense bracken,HH1,163600.94,16
MEHH111,Donegal,Heath and dense bracken,HH1,5162.81,1
MEHH112,Donegal,Heath and dense bracken,HH1,8314.13,1
MEHH113,Donegal,Heath and dense bracken,HH1,132185.41,13
MEHH114,Donegal,Heath and dense bracken,HH1,64964.16,7
MEHH115,Donegal,Heath and dense bracken,HH1,122880.87,12
MEHH116,Donegal,Heath and dense bracken,HH1,8844.81,1
MEHH117,Donegal,Heath and dense bracken,HH1,10742.74,1
MEHH118,Donegal,Heath and dense bracken,HH1,26866.03,3
MEHH31,Donegal,Heath and dense bracken,HH3,125656.96,13
MEHH32,Donegal,Heath and dense bracken,HH3,208820.11,21
MEHH33,Donegal,Heath and dense bracken,HH3,24631.89,2
MEHH34,Donegal,Heath and dense bracken,HH3,5534.08,1
MEHH35,Donegal,Heath and dense bracken,HH3,1940.25,0
MEHH36,Donegal,Heath and dense bracken,HH3,2290.82,0
MEHH37,Donegal,Heath and dense bracken,HH3,9396.83,1
MEWD41,Donegal,Woodland and scrub,WD4,22595.03,2
MEWD43,Donegal,Woodland and scrub,WD4,16015.24,2
MEWD44,Donegal,Woodland and scrub,WD4,10167.87,1
MEWD45,Donegal,Woodland and scrub,WD4,7243.81,1
MEWD46,Donegal,Woodland and scrub,WD4,115990.55,12
MEWD47,Donegal,Woodland and scrub,WD4,40616.56,4
MEWD49,Donegal,Woodland and scrub,WD4,48405.17,5
MEWD410,Donegal,Woodland and scrub,WD4,80557.95,8
MEWD411,Donegal,Woodland and scrub,WD4,3624.5,0
MEWD412,Donegal,Woodland and scrub,WD4,28853.51,3
MEWD413,Donegal,Woodland and scrub,WD4,21741.29,2
MEWD414,Donegal,Woodland and scrub,WD4,10087.35,1
MEWD415,Donegal,Woodland and scrub,WD4,47187.53,5
MEWD416,Donegal,Woodland and scrub,WD4,11035.49,1
MEWD417,Donegal,Woodland and scrub,WD4,71173.73,7
MEWD418,Donegal,Woodland and scrub,WD4,17214.87,2
MEWD419,Donegal,Woodland and scrub,WD4,245016.16,25
MEWD420,Donegal,Woodland and scrub,WD4,37449.94,4
MEWD421,Donegal,Woodland and scrub,WD4,103227.95,10
MEWD423,Donegal,Woodland and scrub,WD4,239957.9,24
MEWD424,Donegal,Woodland and scrub,WD4,35979.91,4
MEWD425,Donegal,Woodland and scrub,WD4,4511.89,0
MEWD426,Donegal,Woodland and scrub,WD4,7298.49,1
MEWD427,Donegal,Woodland and scrub,WD4,24949.73,2
MEWD428,Donegal,Woodland and scrub,WD4,157406.19,16
MEWD429,Donegal,Woodland and scrub,WD4,67581.09,7
MEWD430,Donegal,Woodland and scrub,WD4,332616.88,33
MEWD431,Donegal,Woodland and scrub,WD4,151151.86,15
MEWD432,Donegal,Woodland and scrub,WD4,57295.13,6
MEWD433,Donegal,Woodland and scrub,WD4,20459.08,2
MEWD434,Donegal,Woodland and scrub,WD4,3230.39,0
MEWD435,Donegal,Woodland and scrub,WD4,44309.07,4
MEWD436,Donegal,Woodland and scrub,WD4,2523.65,0
MEWD437,Donegal,Woodland and scrub,WD4,16812.73,2
MEWD438,Donegal,Woodland and scrub,WD4,188618.15,19
MEWD439,Donegal,Woodland and scrub,WD4,11750.41,1
MEWD440,Donegal,Woodland and scrub,WD4,21415.01,2
MEWD441,Donegal,Woodland and scrub,WD4,43519.18,4
MEWD442,Donegal,Woodland and scrub,WD4,10624.84,1
MEWD443,Donegal,Woodland and scrub,WD4,62948.71,6
MEWD444,Donegal,Woodland and scrub,WD4,19478.15,2
MEWD445,Donegal,Woodland and scrub,WD4,12311.1,1
MEWD446,Donegal,Woodland and scrub,WD4,50920.08,5
MEWD447,Donegal,Woodland and scrub,WD4,81344.53,8
MEWD448,Donegal,Woodland and scrub,WD4,692853.02,69
MEWD449,Donegal,Woodland and scrub,WD4,8675.98,1
MEWD450,Donegal,Woodland and scrub,WD4,25962.68,3
MEWD451,Donegal,Woodland and scrub,WD4,90639.63,9
MEWD452,Donegal,Woodland and scrub,WD4,30526.32,3
MEWD454,Donegal,Woodland and scrub,WD4,23550.17,2
MEWD455,Donegal,Woodland and scrub,WD4,34017.13,3
MEWD456,Donegal,Woodland and scrub,WD4,37567.85,4
MEWD457,Donegal,Woodland and scrub,WD4,20339.59,2
MEWD458,Donegal,Woodland and scrub,WD4,21113.25,2
MEWD459,Donegal,Woodland and scrub,WD4,31525.69,3
MEWD460,Donegal,Woodland and scrub,WD4,61143.75,6
MEWD461,Donegal,Woodland and scrub,WD4,67979.64,7
MEWD462,Donegal,Woodland and scrub,WD4,41080.9,4
MEWD463,Donegal,Woodland and scrub,WD4,10275.2,1
MEWD464,Donegal,Woodland and scrub,WD4,20620.6,2
MEWD465,Donegal,Woodland and scrub,WD4,55962.68,6
MEWD466,Donegal,Woodland and scrub,WD4,53396.73,5
MEWD467,Donegal,Woodland and scrub,WD4,92462.1,9
MEWD468,Donegal,Woodland and scrub,WD4,41869.52,4
MEWD469,Donegal,Woodland and scrub,WD4,21225.35,2
MEWD470,Donegal,Woodland and scrub,WD4,2685.78,0
MEWD471,Donegal,Woodland and scrub,WD4,36508.79,4
MEWD472,Donegal,Woodland and scrub,WD4,3659.1,0
MEWD473,Donegal,Woodland and scrub,WD4,85961.88,9
MEWD474,Donegal,Woodland and scrub,WD4,25291.09,3
ADWD11,Galway,Woodland and scrub,WD1,1721.25,0
ADWD12,Galway,Woodland and scrub,WD1,5579.23,1
ADED22,Galway,Exposed rock and disturbed ground,ED2,11706.02,1
ADED23,Galway,Exposed rock and disturbed ground,ED2,76399.89,8
ADED24,Galway,Exposed rock and disturbed ground,ED2,178256.72,18
ADED27,Galway,Exposed rock and disturbed ground,ED2,178723.18,18
ADED28,Galway,Exposed rock and disturbed ground,ED2,100840.18,10
ADED29,Galway,Exposed rock and disturbed ground,ED2,16082.34,2
ADBL31,Galway,Cultivated and built land,BL3,27552.54,3
ADBL32,Galway,Cultivated and built land,BL3,11324.73,1
ADBL33,Galway,Cultivated and built land,BL3,15342.79,2
ADED31,Galway,Exposed rock and disturbed ground,ED3,10997.21,1
ADED32,Galway,Exposed rock and disturbed ground,ED3,8958.05,1
ADED33,Galway,Exposed rock and disturbed ground,ED3,3327.75,0
ADED34,Galway,Exposed rock and disturbed ground,ED3,6762.73,1
ADED35,Galway,Exposed rock and disturbed ground,ED3,5818.88,1
ADHH13,Galway,Heath and dense bracken,HH1,20227.89,2
ADHH14,Galway,Heath and dense bracken,HH1,2970.83,0
ADGS21,Galway,Grassland and marsh,GS2,13736.36,1
ADGS22,Galway,Grassland and marsh,GS2,1803.63,0
ADGS23,Galway,Grassland and marsh,GS2,5021.89,1
ADPB41,Galway,Peatlands,PB4,22167.17,2
ADPB42,Galway,Peatlands,PB4,11092.07,1
ADPB43,Galway,Peatlands,PB4,5139.54,1
ADPB44,Galway,Peatlands,PB4,3423.32,0
ADPB45,Galway,Peatlands,PB4,2378.03,0
ADPB46,Galway,Peatlands,PB4,7956.33,1
ADPB47,Galway,Peatlands,PB4,2415.44,0
ADPB48,Galway,Peatlands,PB4,5645.17,1
ADPB49,Galway,Peatlands,PB4,1977.54,0
ADPB410,Galway,Peatlands,PB4,30214.75,3
ADPB411,Galway,Peatlands,PB4,7945.41,1
ADPB412,Galway,Peatlands,PB4,23832.96,2
ADPB413,Galway,Peatlands,PB4,26066.07,3
ADPB414,Galway,Peatlands,PB4,7486.68,1
ADPB415,Galway,Peatlands,PB4,26946.16,3
ADPB416,Galway,Peatlands,PB4,4412.45,0
ADPB417,Galway,Peatlands,PB4,18299.04,2
ADPB418,Galway,Peatlands,PB4,3291.88,0
ADPB419,Galway,Peatlands,PB4,4851.71,0
ADPB420,Galway,Peatlands,PB4,3167.57,0
ADPB421,Galway,Peatlands,PB4,1905.75,0
ADPB422,Galway,Peatlands,PB4,2027.54,0
ADPB423,Galway,Peatlands,PB4,3150.4,0
ADPB424,Galway,Peatlands,PB4,1746.86,0
ADPB426,Galway,Peatlands,PB4,8506.01,1
ADPB427,Galway,Peatlands,PB4,5441.62,1
ADPB428,Galway,Peatlands,PB4,2641.52,0
ADPB429,Galway,Peatlands,PB4,15322.54,2
ADPB430,Galway,Peatlands,PB4,2796.48,0
ADPB431,Galway,Peatlands,PB4,4832.37,0
ADPB433,Galway,Peatlands,PB4,3923.81,0
ADPB434,Galway,Peatlands,PB4,14369.3,1
ADPB435,Galway,Peatlands,PB4,3503.31,0
ADPB436,Galway,Peatlands,PB4,8504.33,1
ADPB438,Galway,Peatlands,PB4,7811.73,1
ADPB439,Galway,Peatlands,PB4,18389.6,2
ADPB440,Galway,Peatlands,PB4,4651.44,0
ADPB441,Galway,Peatlands,PB4,15169.35,2
ADPB442,Galway,Peatlands,PB4,5137.74,1
ADPB443,Galway,Peatlands,PB4,21075.41,2
ADPB444,Galway,Peatlands,PB4,4275.95,0
ADPB445,Galway,Peatlands,PB4,3512.1,0
ADPB447,Galway,Peatlands,PB4,4272.05,0
ADPB448,Galway,Peatlands,PB4,2582.77,0
ADPB450,Galway,Peatlands,PB4,1029.04,0
ADPB451,Galway,Peatlands,PB4,1987.77,0
ADPB452,Galway,Peatlands,PB4,6144.55,1
ADPB453,Galway,Peatlands,PB4,8855.28,1
ADPB454,Galway,Peatlands,PB4,847.2,0
ADPB455,Galway,Peatlands,PB4,2169.27,0
ADPB456,Galway,Peatlands,PB4,1174.62,0
ADPB457,Galway,Peatlands,PB4,8689.83,1
ADPB458,Galway,Peatlands,PB4,2087.97,0
ADPB461,Galway,Peatlands,PB4,774.78,0
ADPB462,Galway,Peatlands,PB4,5760.99,1
ADPB463,Galway,Peatlands,PB4,2725.83,0
ADPB464,Galway,Peatlands,PB4,1192.1,0
ADPB465,Galway,Peatlands,PB4,1165.45,0
ADPB467,Galway,Peatlands,PB4,1446.04,0
ADPB468,Galway,Peatlands,PB4,5693.97,1
ADPB469,Galway,Peatlands,PB4,1537.5,0
ADPB470,Galway,Peatlands,PB4,757.8,0
ADPB471,Galway,Peatlands,PB4,4646.92,0
ADPB472,Galway,Peatlands,PB4,4716.39,0
ADPB473,Galway,Peatlands,PB4,14467.3,1
ADPB474,Galway,Peatlands,PB4,4483.54,0
ADPB475,Galway,Peatlands,PB4,4511,0
ADPB476,Galway,Peatlands,PB4,15086,2
ADPB477,Galway,Peatlands,PB4,28904.74,3
ADPB478,Galway,Peatlands,PB4,14116.49,1
ADPB479,Galway,Peatlands,PB4,3173.21,0
ADPB480,Galway,Peatlands,PB4,2243.01,0
ADPB481,Galway,Peatlands,PB4,2554.64,0
ADPB482,Galway,Peatlands,PB4,9333.44,1
ADPB484,Galway,Peatlands,PB4,6675.81,1
ADPB486,Galway,Peatlands,PB4,8857.34,1
ADPB488,Galway,Peatlands,PB4,11360.08,1
ADPB489,Galway,Peatlands,PB4,6397.93,1
ADPB490,Galway,Peatlands,PB4,14739.18,1
ADPB491,Galway,Peatlands,PB4,9677.3,1
ADPB492,Galway,Peatlands,PB4,70915.36,7
ADPB493,Galway,Peatlands,PB4,7171.41,1
ADPB494,Galway,Peatlands,PB4,7029.23,1
ADPB495,Galway,Peatlands,PB4,1150.2,0
ADPB496,Galway,Peatlands,PB4,8336.27,1
ADPB497,Galway,Peatlands,PB4,369.99,0
ADPB498,Galway,Peatlands,PB4,6969.81,1
ADPB499,Galway,Peatlands,PB4,1265.13,0
ADPB4100,Galway,Peatlands,PB4,17048.78,2
ADPB4101,Galway,Peatlands,PB4,8791.99,1
ADPB4102,Galway,Peatlands,PB4,16629.14,2
ADPB4103,Galway,Peatlands,PB4,4826.93,0
ADPB4104,Galway,Peatlands,PB4,17275.88,2
ADPB4105,Galway,Peatlands,PB4,1992.04,0
ADPB4106,Galway,Peatlands,PB4,127895.44,13
ADPB4107,Galway,Peatlands,PB4,11863.01,1
ADPB4108,Galway,Peatlands,PB4,15019.61,2
ADPB4109,Galway,Peatlands,PB4,14854.35,1
ADPB4110,Galway,Peatlands,PB4,17349.07,2
ADPB4112,Galway,Peatlands,PB4,13706.76,1
ADPB4113,Galway,Peatlands,PB4,2332.02,0
ADPB4114,Galway,Peatlands,PB4,1642.84,0
ADPB4115,Galway,Peatlands,PB4,3953.46,0
ADPB4116,Galway,Peatlands,PB4,5629.8,1
ADPB4117,Galway,Peatlands,PB4,4599.76,0
ADPB4118,Galway,Peatlands,PB4,10350.9,1
ADFL11,Galway,Freshwater,FL1,10676.24,1
ADFL21,Galway,Freshwater,FL2,154713.35,15
ADFL22,Galway,Freshwater,FL2,67706.8,7
ADFL23,Galway,Freshwater,FL2,6773.14,1
ADFL25,Galway,Freshwater,FL2,20775.89,2
ADFS11,Galway,Freshwater,FS1,5481.05,1
ADFS12,Galway,Freshwater,FS1,3865.07,0
ADWS11,Galway,Woodland and scrub,WS1,2714.81,0
ADWS12,Galway,Woodland and scrub,WS1,14431.56,1
ADWS13,Galway,Woodland and scrub,WS1,15577.43,2
ADWS14,Galway,Woodland and scrub,WS1,42738.79,4
ADWS15,Galway,Woodland and scrub,WS1,41069.09,4
ADWS16,Galway,Woodland and scrub,WS1,37449.09,4
ADWS19,Galway,Woodland and scrub,WS1,11945.05,1
ADWS110,Galway,Woodland and scrub,WS1,1942.64,0
ADWS111,Galway,Woodland and scrub,WS1,48906.55,5
ADWS112,Galway,Woodland and scrub,WS1,3592.32,0
ADWS113,Galway,Woodland and scrub,WS1,4761.82,0
ADWS114,Galway,Woodland and scrub,WS1,9958.6,1
ADWS115,Galway,Woodland and scrub,WS1,51911.7,5
ADWS116,Galway,Woodland and scrub,WS1,8901.81,1
ADWS117,Galway,Woodland and scrub,WS1,40302.94,4
ADWS118,Galway,Woodland and scrub,WS1,41034.5,4
ADWS119,Galway,Woodland and scrub,WS1,48507.33,5
ADWS120,Galway,Woodland and scrub,WS1,19575.07,2
ADWS121,Galway,Woodland and scrub,WS1,8385.3,1
ADPF11,Galway,Peatlands,PF1,69236.69,7
ADHD11,Galway,Heath and dense bracken,HD1,1137.21,0
ADHD12,Galway,Heath and dense bracken,HD1,1965.53,0
ADHD13,Galway,Heath and dense bracken,HD1,3891.54,0
ADPB31,Galway,Peatlands,PB3,6113.56,1
ADHH31,Galway,Heath and dense bracken,HH3,26217.15,3
ADHH32,Galway,Heath and dense bracken,HH3,50433.61,5
ADHH33,Galway,Heath and dense bracken,HH3,169121.29,17
ADHH35,Galway,Heath and dense bracken,HH3,60537.41,6
ADHH36,Galway,Heath and dense bracken,HH3,192165.36,19
ADHH38,Galway,Heath and dense bracken,HH3,9290.4,1
ADHH310,Galway,Heath and dense bracken,HH3,2855.66,0
ADHH311,Galway,Heath and dense bracken,HH3,4520.75,0
ADHH314,Galway,Heath and dense bracken,HH3,4082.99,0
ADHH315,Galway,Heath and dense bracken,HH3,1492.26,0
ADHH316,Galway,Heath and dense bracken,HH3,15003,2
ADHH317,Galway,Heath and dense bracken,HH3,6526.5,1
ADHH318,Galway,Heath and dense bracken,HH3,50173.74,5
ADHH319,Galway,Heath and dense bracken,HH3,4106,0
ADWS51,Galway,Woodland and scrub,WS5,245979.01,25
ADWS52,Galway,Woodland and scrub,WS5,19559.89,2
ADWS53,Galway,Woodland and scrub,WS5,94533.03,9
ADWS54,Galway,Woodland and scrub,WS5,45349.68,5
ADWS55,Galway,Woodland and scrub,WS5,27010.97,3
ADWS56,Galway,Woodland and scrub,WS5,43041.7,4
ADWS58,Galway,Woodland and scrub,WS5,73663.31,7
ADWS59,Galway,Woodland and scrub,WS5,27029.26,3
ADWS510,Galway,Woodland and scrub,WS5,4763.97,0
ADWS512,Galway,Woodland and scrub,WS5,39266.62,4
ADWS513,Galway,Woodland and scrub,WS5,20478.91,2
ADWS514,Galway,Woodland and scrub,WS5,138477.01,14
ADWS515,Galway,Woodland and scrub,WS5,113162.21,11
ADWS516,Galway,Woodland and scrub,WS5,110547.89,11
ADWS517,Galway,Woodland and scrub,WS5,64353.13,6
ADWS518,Galway,Woodland and scrub,WS5,31486.68,3
ADWS519,Galway,Woodland and scrub,WS5,90179.23,9
ADWS520,Galway,Woodland and scrub,WS5,79266.35,8
ADWS521,Galway,Woodland and scrub,WS5,49559.48,5
ADWS522,Galway,Woodland and scrub,WS5,55350.69,6
ADWS21,Galway,Woodland and scrub,WS2,16452.81,2
ADWS22,Galway,Woodland and scrub,WS2,149352.48,15
ADWS23,Galway,Woodland and scrub,WS2,82925.17,8
ADWS24,Galway,Woodland and scrub,WS2,19506.1,2
ADWS26,Galway,Woodland and scrub,WS2,35002.18,4
ADWS27,Galway,Woodland and scrub,WS2,128905.91,13
ADWS28,Galway,Woodland and scrub,WS2,70946.26,7
ADWS29,Galway,Woodland and scrub,WS2,53127.22,5
ADWS210,Galway,Woodland and scrub,WS2,4955.07,1
ADWD31,Galway,Woodland and scrub,WD3,51743.78,5
ADWD32,Galway,Woodland and scrub,WD3,57886.1,6
ADWD33,Galway,Woodland and scrub,WD3,24388.35,2
ADWD34,Galway,Woodland and scrub,WD3,81887.44,8
ADWD35,Galway,Woodland and scrub,WD3,15141.51,2
ADWD36,Galway,Woodland and scrub,WD3,25666.71,3
ADPF21,Galway,Peatlands,PF2,7450.13,1
ADPF22,Galway,Peatlands,PF2,15556.19,2
ADPF23,Galway,Peatlands,PF2,13827.07,1
ADPF24,Galway,Peatlands,PF2,88268.24,9
ADPF25,Galway,Peatlands,PF2,106855.83,11
ADPF26,Galway,Peatlands,PF2,69281.5,7
ADWD42,Galway,Woodland and scrub,WD4,83034.81,8
ADWD43,Galway,Woodland and scrub,WD4,30546.22,3
ADWD44,Galway,Woodland and scrub,WD4,48433.3,5
ADWD46,Galway,Woodland and scrub,WD4,20770.83,2
ADWD47,Galway,Woodland and scrub,WD4,33164.52,3
ADWD49,Galway,Woodland and scrub,WD4,51426.39,5
ADWD410,Galway,Woodland and scrub,WD4,75029.95,8
ADWD411,Galway,Woodland and scrub,WD4,87363.11,9
ADWD412,Galway,Woodland and scrub,WD4,103420.83,10
ADWD413,Galway,Woodland and scrub,WD4,506819.18,51
ADWD414,Galway,Woodland and scrub,WD4,33527.76,3
ADWD415,Galway,Woodland and scrub,WD4,257250.35,26
ADWD416,Galway,Woodland and scrub,WD4,212687.94,21
ADWD419,Galway,Woodland and scrub,WD4,28381.65,3
ADWD420,Galway,Woodland and scrub,WD4,161926.68,16
ADWD421,Galway,Woodland and scrub,WD4,69445.62,7
ADWD423,Galway,Woodland and scrub,WD4,66424.11,7
ADWD424,Galway,Woodland and scrub,WD4,86010.81,9
ADWD425,Galway,Woodland and scrub,WD4,65133.87,7
ADWD426,Galway,Woodland and scrub,WD4,225287.59,23
ADWD427,Galway,Woodland and scrub,WD4,159197.48,16
ADWD428,Galway,Woodland and scrub,WD4,39866.22,4
ADWD430,Galway,Woodland and scrub,WD4,23902.29,2
ADWD431,Galway,Woodland and scrub,WD4,8179.58,1
ADWD432,Galway,Woodland and scrub,WD4,75337.88,8
ADWD433,Galway,Woodland and scrub,WD4,363683.61,36
ADWD435,Galway,Woodland and scrub,WD4,28193.09,3
ADWD436,Galway,Woodland and scrub,WD4,52469.47,5
ADWD437,Galway,Woodland and scrub,WD4,18810.78,2
ADWD439,Galway,Woodland and scrub,WD4,2008.58,0
ADWD440,Galway,Woodland and scrub,WD4,6425.12,1
ADWD441,Galway,Woodland and scrub,WD4,36051.85,4
ADWD442,Galway,Woodland and scrub,WD4,47171.65,5
ADWD443,Galway,Woodland and scrub,WD4,102893.09,10
ADWD444,Galway,Woodland and scrub,WD4,348142.01,35
ADWD445,Galway,Woodland and scrub,WD4,82751.09,8
ADWD446,Galway,Woodland and scrub,WD4,143899.89,14
ADWD447,Galway,Woodland and scrub,WD4,81390.17,8
ADWD448,Galway,Woodland and scrub,WD4,25910.65,3
ADWD449,Galway,Woodland and scrub,WD4,23445.05,2
ADWD450,Galway,Woodland and scrub,WD4,59882.73,6
ADWD451,Galway,Woodland and scrub,WD4,112817.57,11
ADWD452,Galway,Woodland and scrub,WD4,86794.64,9
ADWD453,Galway,Woodland and scrub,WD4,86416.98,9
ADWD454,Galway,Woodland and scrub,WD4,85440.33,9
ADWD455,Galway,Woodland and scrub,WD4,36507.99,4
ADWD456,Galway,Woodland and scrub,WD4,58219.76,6
ADWD457,Galway,Woodland and scrub,WD4,45766.9,5
ADWD458,Galway,Woodland and scrub,WD4,191980.79,19
ADWD459,Galway,Woodland and scrub,WD4,11176.2,1
ADWD460,Galway,Woodland and scrub,WD4,4872.1,0
ADWD461,Galway,Woodland and scrub,WD4,27286.06,3
ADWD462,Galway,Woodland and scrub,WD4,85401.54,9
ADWD463,Galway,Woodland and scrub,WD4,59122.87,6
ADWD465,Galway,Woodland and scrub,WD4,111397.17,11
ADWD467,Galway,Woodland and scrub,WD4,137124.82,14
ADWD468,Galway,Woodland and scrub,WD4,36017.79,4
ADWD469,Galway,Woodland and scrub,WD4,23967.28,2
ADWD470,Galway,Woodland and scrub,WD4,76636,8
ADWD471,Galway,Woodland and scrub,WD4,34093.11,3
ADWD472,Galway,Woodland and scrub,WD4,95976.59,10
ADWD473,Galway,Woodland and scrub,WD4,127474.31,13
ADWD474,Galway,Woodland and scrub,WD4,137173,14
ADWD475,Galway,Woodland and scrub,WD4,9415.44,1
ADWD476,Galway,Woodland and scrub,WD4,74603.08,7
ADWD477,Galway,Woodland and scrub,WD4,39845.51,4
ADWD478,Galway,Woodland and scrub,WD4,35557.21,4
ADWD479,Galway,Woodland and scrub,WD4,102839.4,10
ADWD480,Galway,Woodland and scrub,WD4,33025.83,3
ADWD481,Galway,Woodland and scrub,WD4,49668.52,5
ADWD482,Galway,Woodland and scrub,WD4,130007.32,13
ADWD483,Galway,Woodland and scrub,WD4,134566.44,13
ADWD484,Galway,Woodland and scrub,WD4,61683.81,6
ADWD485,Galway,Woodland and scrub,WD4,143309.23,14
ADWD486,Galway,Woodland and scrub,WD4,96344.84,10
ADWD487,Galway,Woodland and scrub,WD4,60607.4,6
ADWD488,Galway,Woodland and scrub,WD4,75945.6,8
ADWD489,Galway,Woodland and scrub,WD4,65399.83,7
ADWD490,Galway,Woodland and scrub,WD4,22344.64,2
ADWD491,Galway,Woodland and scrub,WD4,10253.19,1
ADWD492,Galway,Woodland and scrub,WD4,82502.89,8
ADWD493,Galway,Woodland and scrub,WD4,39783.17,4
ADWD494,Galway,Woodland and scrub,WD4,11730.75,1
ADWD495,Galway,Woodland and scrub,WD4,25095.56,3
ADWD496,Galway,Woodland and scrub,WD4,68543.49,7
ADWD497,Galway,Woodland and scrub,WD4,25405.38,3
ADWD499,Galway,Woodland and scrub,WD4,303090.79,30
ADWD4101,Galway,Woodland and scrub,WD4,63629.37,6
ADWD4102,Galway,Woodland and scrub,WD4,48537.21,5
ADWD4103,Galway,Woodland and scrub,WD4,31990.52,3
ADWD4104,Galway,Woodland and scrub,WD4,316097.99,32
ADWD4106,Galway,Woodland and scrub,WD4,181223.45,18
ADWD4107,Galway,Woodland and scrub,WD4,18640.04,2
ADWD4108,Galway,Woodland and scrub,WD4,9759.63,1
ADWD4109,Galway,Woodland and scrub,WD4,432580.01,43
ADWD4110,Galway,Woodland and scrub,WD4,246204.19,25
ADWD4111,Galway,Woodland and scrub,WD4,13606.18,1
ADWD4112,Galway,Woodland and scrub,WD4,2209.57,0
ADWD4113,Galway,Woodland and scrub,WD4,14065.93,1
ADWD4114,Galway,Woodland and scrub,WD4,130060.64,13
ADWD4115,Galway,Woodland and scrub,WD4,349485.19,35
ADWD4117,Galway,Woodland and scrub,WD4,123701.23,12
ADWD4118,Galway,Woodland and scrub,WD4,22506.21,2
ADWD4119,Galway,Woodland and scrub,WD4,1799.6,0
ADWD4120,Galway,Woodland and scrub,WD4,51291.73,5
ADWD4121,Galway,Woodland and scrub,WD4,1978.97,0
ADWD4122,Galway,Woodland and scrub,WD4,1773.45,0
ADWD21,Galway,Woodland and scrub,WD2,11295.09,1
ADWD22,Galway,Woodland and scrub,WD2,10115.57,1
ADWD23,Galway,Woodland and scrub,WD2,36596.47,4
ADWD24,Galway,Woodland and scrub,WD2,20314.02,2
ADWD25,Galway,Woodland and scrub,WD2,15053.83,2
ADWD26,Galway,Woodland and scrub,WD2,16492.67,2
